HAUL ID,Year,Date,Sea,Ices division,Predator Latin name,Predator common name,Pooled,Mean length of predator,Prey Latin name,Prey common name,Prey group,Predator ID,Number of stomachs,Prey Length,Minimum number
CLION11-83-54,1983,22/09/1983,Irish Sea,VIIa,LOPHIIDAE,ANGLER FISHES,n,55,SCOMBER SCOMBRUS,MACKEREL,Teleost,CLION11-83-54\ANF-4,1,,1
PASCOE-1982-1,1982,16/06/1982,Channel,VIIe,ALOPIAS VULPINUS,THRESHER SHARK,n,587,SCOMBER SCOMBRUS,MACKEREL,Teleost,PASCOE-1982-1/ATH-1,1,25.3,1
GLAUCUS-2012-S1,2012,01/08/2012,Channel,VIId,THUNNUS THYNNUS,BLUE-FIN TUNNY,n,55.5,SCOMBER SCOMBRUS,MACKEREL,Teleost,GLAUCUS-2012-S1/BFT-1,1,,1
LOOE-1972-S1,1972,1972,Channel,VIIe,PRIONACE GLAUCA,BLUE SHARK,y,188.1,SCOMBER SCOMBRUS,MACKEREL,Teleost,LOOE-1972-S1/BSH-1,98,,23
GA-REAY-11-82-18,1982,12/10/1982,North Sea,IVa,GADUS MORHUA,COD,y,84.5,SCOMBER SCOMBRUS,MACKEREL,Teleost,GA-REAY-11-82-18\COD-4,4,35.00,1
GA-REAY-11-82-24,1982,13/10/1982,North Sea,IVa,GADUS MORHUA,COD,y,84.5,SCOMBER SCOMBRUS,MACKEREL,Teleost,GA-REAY-11-82-24\COD-2,22,,1
GA-REAY-11-82-7,1982,08/10/1982,North Sea,IVa,GADUS MORHUA,COD,y,84.5,SCOMBER SCOMBRUS,MACKEREL,Teleost,GA-REAY-11-82-7\COD-5,2,42.00,1
CORY08-88-21,1988,28/10/1988,North Sea,IVc,GADUS MORHUA,COD,n,64,SCOMBER SCOMBRUS,MACKEREL,Teleost,CORY08-88-21\COD-31,1,,1
CLION-12-1982-NW,1982,,Irish Sea,VIIa,GADUS MORHUA,COD,y,81,SCOMBER SCOMBRUS,MACKEREL,Teleost,CLION-12-1982-NW\COD-11,4,,1
GRAHAM-1923-IV,1923,16/05/1923,North Sea,IVa,GADUS MORHUA,COD,y,74,SCOMBER SCOMBRUS,MACKEREL,Teleost,GRAHAM-1923-IV\COD-1,50,,2
GRAHAM-1923-L,1923,30/07/1923,North Sea,IVb,GADUS MORHUA,COD,y,74,SCOMBER SCOMBRUS,MACKEREL,Teleost,GRAHAM-1923-L\COD-1,57,,1.14
GRAHAM-1923-LII,1923,01/08/1923,North Sea,IVb,GADUS MORHUA,COD,y,74,SCOMBER SCOMBRUS,MACKEREL,Teleost,GRAHAM-1923-LII\COD-1,111,,11.1
GRAHAM-1923-V,1923,17/05/1923,North Sea,IVb,GADUS MORHUA,COD,y,74,SCOMBER SCOMBRUS,MACKEREL,Teleost,GRAHAM-1923-V\COD-1,37,,5.18
GRAHAM-1923-VI,1923,24/05/1923,North Sea,IVb,GADUS MORHUA,COD,y,74,SCOMBER SCOMBRUS,MACKEREL,Teleost,GRAHAM-1923-VI\COD-1,33,,0.99
GRAHAM-1923-VII,1923,25/05/1923,North Sea,IVa,GADUS MORHUA,COD,y,74,SCOMBER SCOMBRUS,MACKEREL,Teleost,GRAHAM-1923-VII\COD-1,41,,2.05
GRAHAM-1923-X,1923,31/05/1923,North Sea,IVb,GADUS MORHUA,COD,y,74,SCOMBER SCOMBRUS,MACKEREL,Teleost,GRAHAM-1923-X\COD-1,39,,1.17
GRAHAM-1923-XL,1923,24/07/1923,North Sea,IVb,GADUS MORHUA,COD,y,74,SCOMBER SCOMBRUS,MACKEREL,Teleost,GRAHAM-1923-XL\COD-1,189,,5.67
GRAHAM-1923-XLI,1923,25/07/1923,North Sea,IVb,GADUS MORHUA,COD,y,74,SCOMBER SCOMBRUS,MACKEREL,Teleost,GRAHAM-1923-XLI\COD-1,56,,1.12
GRAHAM-1923-XLII,1923,25/07/1923,North Sea,IVb,GADUS MORHUA,COD,y,74,SCOMBER SCOMBRUS,MACKEREL,Teleost,GRAHAM-1923-XLII\COD-1,129,,1.29
GRAHAM-1923-XLIII,1923,26/07/1923,North Sea,IVb,GADUS MORHUA,COD,y,74,SCOMBER SCOMBRUS,MACKEREL,Teleost,GRAHAM-1923-XLIII\COD-1,102,,8.16
GRAHAM-1923-XLIV,1923,26/07/1923,North Sea,IVb,GADUS MORHUA,COD,y,74,SCOMBER SCOMBRUS,MACKEREL,Teleost,GRAHAM-1923-XLIV\COD-1,35,,5.6
GRAHAM-1923-XLIX,1923,28/07/1923,North Sea,IVb,GADUS MORHUA,COD,y,74,SCOMBER SCOMBRUS,MACKEREL,Teleost,GRAHAM-1923-XLIX\COD-1,83,,5.81
GRAHAM-1923-XLVI,1923,26/07/1923,North Sea,IVb,GADUS MORHUA,COD,y,74,SCOMBER SCOMBRUS,MACKEREL,Teleost,GRAHAM-1923-XLVI\COD-1,87,,2.61
GRAHAM-1923-XLVII,1923,27/07/1923,North Sea,IVb,GADUS MORHUA,COD,y,74,SCOMBER SCOMBRUS,MACKEREL,Teleost,GRAHAM-1923-XLVII\COD-1,30,,0.9
GRAHAM-1923-XLVIII,1923,27/07/1923,North Sea,IVa,GADUS MORHUA,COD,y,74,SCOMBER SCOMBRUS,MACKEREL,Teleost,GRAHAM-1923-XLVIII\COD-1,163,,17.93
GRAHAM-1923-XVII,1923,18/06/1923,North Sea,IVb,GADUS MORHUA,COD,y,74,SCOMBER SCOMBRUS,MACKEREL,Teleost,GRAHAM-1923-XVII\COD-1,32,,0.96
GRAHAM-1923-XXII,1923,26/06/1923,North Sea,IVb,GADUS MORHUA,COD,y,74,SCOMBER SCOMBRUS,MACKEREL,Teleost,GRAHAM-1923-XXII\COD-1,82,,1.64
GRAHAM-1923-XXIV,1923,04/07/1923,North Sea,IVb,GADUS MORHUA,COD,y,74,SCOMBER SCOMBRUS,MACKEREL,Teleost,GRAHAM-1923-XXIV\COD-1,59,,12.98
GRAHAM-1923-XXIX,1923,12/07/1923,North Sea,IVb,GADUS MORHUA,COD,y,74,SCOMBER SCOMBRUS,MACKEREL,Teleost,GRAHAM-1923-XXIX\COD-1,62,,1.86
GRAHAM-1923-XXV,1923,06/07/1923,North Sea,IVb,GADUS MORHUA,COD,y,74,SCOMBER SCOMBRUS,MACKEREL,Teleost,GRAHAM-1923-XXV\COD-1,47,,6.11
GRAHAM-1923-XXVI,1923,10/07/1923,North Sea,IVb,GADUS MORHUA,COD,y,74,SCOMBER SCOMBRUS,MACKEREL,Teleost,GRAHAM-1923-XXVI\COD-1,81,,7.29
GRAHAM-1923-XXVII,1923,11/07/1923,North Sea,IVb,GADUS MORHUA,COD,y,74,SCOMBER SCOMBRUS,MACKEREL,Teleost,GRAHAM-1923-XXVII\COD-1,133,,10.64
GRAHAM-1923-XXVIII,1923,11/07/1923,North Sea,IVb,GADUS MORHUA,COD,y,74,SCOMBER SCOMBRUS,MACKEREL,Teleost,GRAHAM-1923-XXVIII\COD-1,148,,5.92
GRAHAM-1923-XXX,1923,13/07/1923,North Sea,IVb,GADUS MORHUA,COD,y,74,SCOMBER SCOMBRUS,MACKEREL,Teleost,GRAHAM-1923-XXX\COD-1,133,,26.6
GRAHAM-1923-XXXI,1923,13/07/1923,North Sea,IVb,GADUS MORHUA,COD,y,74,SCOMBER SCOMBRUS,MACKEREL,Teleost,GRAHAM-1923-XXXI\COD-1,91,,13.65
GRAHAM-1923-XXXII,1923,16/07/1923,North Sea,IVb,GADUS MORHUA,COD,y,74,SCOMBER SCOMBRUS,MACKEREL,Teleost,GRAHAM-1923-XXXII\COD-1,38,,1.9
GRAHAM-1923-XXXIII,1923,17/07/1923,North Sea,IVb,GADUS MORHUA,COD,y,74,SCOMBER SCOMBRUS,MACKEREL,Teleost,GRAHAM-1923-XXXIII\COD-1,71,,9.94
GRAHAM-1923-XXXIV,1923,18/07/1923,North Sea,IVb,GADUS MORHUA,COD,y,74,SCOMBER SCOMBRUS,MACKEREL,Teleost,GRAHAM-1923-XXXIV\COD-1,130,,5.2
GRAHAM-1923-XXXIX,1923,21/07/1923,North Sea,IVb,GADUS MORHUA,COD,y,74,SCOMBER SCOMBRUS,MACKEREL,Teleost,GRAHAM-1923-XXXIX\COD-1,86,,0.86
GRAHAM-1923-XXXV,1923,19/07/1923,North Sea,IVa,GADUS MORHUA,COD,y,74,SCOMBER SCOMBRUS,MACKEREL,Teleost,GRAHAM-1923-XXXV\COD-1,157,,4.71
GRAHAM-1923-XXXVI,1923,19/07/1923,North Sea,IVb,GADUS MORHUA,COD,y,74,SCOMBER SCOMBRUS,MACKEREL,Teleost,GRAHAM-1923-XXXVI\COD-1,182,,18.2
GRAHAM-1923-XXXVII,1923,19/07/1923,North Sea,IVb,GADUS MORHUA,COD,y,74,SCOMBER SCOMBRUS,MACKEREL,Teleost,GRAHAM-1923-XXXVII\COD-1,82,,1.64
HUXLEY-1906-LXXIII-14,1906,02/05/1906,North Sea,IVc,GADUS MORHUA,COD,n,105,SCOMBER SCOMBRUS,MACKEREL,Teleost,HUXLEY-1906-LXXIII-14\COD-1,1,,1
HUXLEY-1906-LXXIV-5,1906,11/05/1906,North Sea,IVc,GADUS MORHUA,COD,n,96,SCOMBER SCOMBRUS,MACKEREL,Teleost,HUXLEY-1906-LXXIV-5\COD-1,1,28,1
CIROL10-91-28,1991,06/12/1991,Celtic Sea,VIIf,GADUS MORHUA,COD,n,94,SCOMBER SCOMBRUS,MACKEREL,Teleost,CIROL10-91-28\COD-90,1,23,1
CIROL10-91-28,1991,06/12/1991,Celtic Sea,VIIf,GADUS MORHUA,COD,n,94,SCOMBER SCOMBRUS,MACKEREL,Teleost,CIROL10-91-28\COD-90,1,25,1
CIROL10-91-28,1991,06/12/1991,Celtic Sea,VIIf,GADUS MORHUA,COD,n,94,SCOMBER SCOMBRUS,MACKEREL,Teleost,CIROL10-91-28\COD-90,1,26,1
CIROL10-91-28,1991,06/12/1991,Celtic Sea,VIIf,GADUS MORHUA,COD,n,94,SCOMBER SCOMBRUS,MACKEREL,Teleost,CIROL10-91-28\COD-90,1,28,1
CIROL10-91-28,1991,06/12/1991,Celtic Sea,VIIf,GADUS MORHUA,COD,n,94,SCOMBER SCOMBRUS,MACKEREL,Teleost,CIROL10-91-28\COD-90,1,29,1
CIROL10-91-28,1991,06/12/1991,Celtic Sea,VIIf,GADUS MORHUA,COD,n,94,SCOMBER SCOMBRUS,MACKEREL,Teleost,CIROL10-91-28\COD-90,1,35,1
CIROL10-91-28,1991,06/12/1991,Celtic Sea,VIIf,GADUS MORHUA,COD,n,94,SCOMBER SCOMBRUS,MACKEREL,Teleost,CIROL10-91-28\COD-90,1,27,4
CIROL10-91-49,1991,12/12/1991,Celtic Sea,VIIj,GADUS MORHUA,COD,n,99,SCOMBER SCOMBRUS,MACKEREL,Teleost,CIROL10-91-49\COD-148,1,14,15
CIROL03-93-3,1993,05/03/1993,Celtic Sea,VIIf,GADUS MORHUA,COD,n,74,SCOMBER SCOMBRUS,MACKEREL,Teleost,CIROL03-93-3\COD-2698,1,21,1
CIROL03-93-3,1993,05/03/1993,Celtic Sea,VIIf,GADUS MORHUA,COD,n,74,SCOMBER SCOMBRUS,MACKEREL,Teleost,CIROL03-93-3\COD-2698,1,21,1
CIROL03-93-3,1993,05/03/1993,Celtic Sea,VIIf,GADUS MORHUA,COD,n,74,SCOMBER SCOMBRUS,MACKEREL,Teleost,CIROL03-93-3\COD-2698,1,24,1
CIROL03-93-3,1993,05/03/1993,Celtic Sea,VIIf,GADUS MORHUA,COD,n,75,SCOMBER SCOMBRUS,MACKEREL,Teleost,CIROL03-93-3\COD-2699,1,20,1
CIROL03-93-3,1993,05/03/1993,Celtic Sea,VIIf,GADUS MORHUA,COD,n,75,SCOMBER SCOMBRUS,MACKEREL,Teleost,CIROL03-93-3\COD-2699,1,27,1
CIROL03-93-3,1993,05/03/1993,Celtic Sea,VIIf,GADUS MORHUA,COD,n,75,SCOMBER SCOMBRUS,MACKEREL,Teleost,CIROL03-93-3\COD-2699,1,26,2
CIROL03-93-3,1993,05/03/1993,Celtic Sea,VIIf,GADUS MORHUA,COD,n,77,SCOMBER SCOMBRUS,MACKEREL,Teleost,CIROL03-93-3\COD-2700,1,26,1
CIROL03-93-3,1993,05/03/1993,Celtic Sea,VIIf,GADUS MORHUA,COD,n,77,SCOMBER SCOMBRUS,MACKEREL,Teleost,CIROL03-93-3\COD-2700,1,27,1
CIROL03-93-3,1993,05/03/1993,Celtic Sea,VIIf,GADUS MORHUA,COD,n,72,SCOMBER SCOMBRUS,MACKEREL,Teleost,CIROL03-93-3\COD-2706,1,26,1
CIROL03-93-3,1993,05/03/1993,Celtic Sea,VIIf,GADUS MORHUA,COD,n,72,SCOMBER SCOMBRUS,MACKEREL,Teleost,CIROL03-93-3\COD-2706,1,27,1
CIROL03-93-53,1993,22/03/1993,Celtic Sea,VIIj,GADUS MORHUA,COD,n,41,SCOMBER SCOMBRUS,MACKEREL,Teleost,CIROL03-93-53\COD-2743,1,18,1
CIROL04-92-1,1992,20/03/1992,Channel,VIIe,GADUS MORHUA,COD,n,46,SCOMBER SCOMBRUS,MACKEREL,Teleost,CIROL04-92-1\COD-274,1,,1
CIROL04-92-65,1992,09/04/1992,Celtic Sea,VIIf,GADUS MORHUA,COD,n,57,SCOMBER SCOMBRUS,MACKEREL,Teleost,CIROL04-92-65\COD-267,1,21,2
CIROL04-92-65,1992,09/04/1992,Celtic Sea,VIIf,GADUS MORHUA,COD,n,48,SCOMBER SCOMBRUS,MACKEREL,Teleost,CIROL04-92-65\COD-285,1,20,1
CIROL07-82-138,1982,28/08/1982,North Sea,IVa ,GADUS MORHUA,COD,y,84.5,SCOMBER SCOMBRUS,MACKEREL,Teleost,CIROL07-82-138\COD-1,5,,1
CIROL07-82-156,1982,30/08/1982,North Sea,IVa ,GADUS MORHUA,COD,y,100,SCOMBER SCOMBRUS,MACKEREL,Teleost,CIROL07-82-156\COD-1,3,,3
CIROL07-82-180,1982,02/09/1982,North Sea,IVb,GADUS MORHUA,COD,y,84.5,SCOMBER SCOMBRUS,MACKEREL,Teleost,CIROL07-82-180\COD-2,3,35.00,2
CIROL07-82-62,1982,17/08/1982,North Sea,IVb,GADUS MORHUA,COD,y,84.5,SCOMBER SCOMBRUS,MACKEREL,Teleost,CIROL07-82-62\COD-1,4,,3
CIROL07-82-62,1982,17/08/1982,North Sea,IVb,GADUS MORHUA,COD,y,84.5,SCOMBER SCOMBRUS,MACKEREL,Teleost,CIROL07-82-62\COD-1,4,28.00,1
CIROL07-82-99,1982,22/08/1982,North Sea,IVa ,GADUS MORHUA,COD,y,100,SCOMBER SCOMBRUS,MACKEREL,Teleost,CIROL07-82-99\COD-1,4,40.00,1
CIROL07-82-99,1982,22/08/1982,North Sea,IVa ,GADUS MORHUA,COD,y,100,SCOMBER SCOMBRUS,MACKEREL,Teleost,CIROL07-82-99\COD-1,4,,1
CIROL03-91-60,1991,31/03/1991,Celtic Sea,VIIh,GADUS MORHUA,COD,n,100,SCOMBER SCOMBRUS,MACKEREL,Teleost,CIROL03-91-60\COD-8314,1,27,1
CIROL03-91-60,1991,31/03/1991,Celtic Sea,VIIh,GADUS MORHUA,COD,n,100,SCOMBER SCOMBRUS,MACKEREL,Teleost,CIROL03-91-60\COD-8314,1,28,1
CIROL03-91-60,1991,31/03/1991,Celtic Sea,VIIh,GADUS MORHUA,COD,n,100,SCOMBER SCOMBRUS,MACKEREL,Teleost,CIROL03-91-60\COD-8314,1,31,1
CIROL03-91-60,1991,31/03/1991,Celtic Sea,VIIh,GADUS MORHUA,COD,n,100,SCOMBER SCOMBRUS,MACKEREL,Teleost,CIROL03-91-60\COD-8314,1,33,1
CLION11-83-57,1983,23/09/1983,Irish Sea,VIIa,CONGER CONGER,EUROPEAN CONGER EEL,n,92,SCOMBER SCOMBRUS,MACKEREL,Teleost,CLION11-83-57\COE-2,1,,1
SCOTLAND-1901-S79,1901,16/08/1900,North Sea,IVb,CONGER CONGER,EUROPEAN CONGER EEL,n,144,SCOMBER SCOMBRUS,MACKEREL,Teleost,SCOTLAND-1901-S79/COE-4,1,,1
CIROL03-91-52,1991,29/03/1991,Biscay,VIIIa,LEUCORAJA NAEVUS,CUCKOO RAY,n,58,SCOMBER SCOMBRUS,MACKEREL,Teleost,CIROL03-91-52\CUR-1001302,1,,1
CIROL03-91-54,1991,29/03/1991,Biscay,VIIId,LEUCORAJA NAEVUS,CUCKOO RAY,n,58,SCOMBER SCOMBRUS,MACKEREL,Teleost,CIROL03-91-54\CUR-1001309,1,20,1
CIROL03-91-60,1991,31/03/1991,Celtic Sea,VIIh,SQUALUS ACANTHIAS,SPURDOG,n,71,SCOMBER SCOMBRUS,MACKEREL,Teleost,CIROL03-91-60\DGS-1005826,1,18,2
CIROL03-91-60,1991,31/03/1991,Celtic Sea,VIIh,SQUALUS ACANTHIAS,SPURDOG,n,73,SCOMBER SCOMBRUS,MACKEREL,Teleost,CIROL03-91-60\DGS-1005828,1,,1
CIROL03-91-60,1991,31/03/1991,Celtic Sea,VIIh,SQUALUS ACANTHIAS,SPURDOG,n,76,SCOMBER SCOMBRUS,MACKEREL,Teleost,CIROL03-91-60\DGS-1005830,1,,2
CIROL03-91-60,1991,31/03/1991,Celtic Sea,VIIh,SQUALUS ACANTHIAS,SPURDOG,n,76,SCOMBER SCOMBRUS,MACKEREL,Teleost,CIROL03-91-60\DGS-1005831,1,,1
CIROL03-91-60,1991,31/03/1991,Celtic Sea,VIIh,SQUALUS ACANTHIAS,SPURDOG,n,64,SCOMBER SCOMBRUS,MACKEREL,Teleost,CIROL03-91-60\DGS-1005832,1,,1
CIROL03-91-60,1991,31/03/1991,Celtic Sea,VIIh,SQUALUS ACANTHIAS,SPURDOG,n,57,SCOMBER SCOMBRUS,MACKEREL,Teleost,CIROL03-91-60\DGS-1005833,1,,1
CIROL03-91-60,1991,31/03/1991,Celtic Sea,VIIh,SQUALUS ACANTHIAS,SPURDOG,n,66,SCOMBER SCOMBRUS,MACKEREL,Teleost,CIROL03-91-60\DGS-1005834,1,,1
CIROL03-91-60,1991,31/03/1991,Celtic Sea,VIIh,SQUALUS ACANTHIAS,SPURDOG,n,70,SCOMBER SCOMBRUS,MACKEREL,Teleost,CIROL03-91-60\DGS-1005835,1,,1
CIROL03-91-60,1991,31/03/1991,Celtic Sea,VIIh,SQUALUS ACANTHIAS,SPURDOG,n,76,SCOMBER SCOMBRUS,MACKEREL,Teleost,CIROL03-91-60\DGS-1005838,1,26,1
CIROL03-91-60,1991,31/03/1991,Celtic Sea,VIIh,SQUALUS ACANTHIAS,SPURDOG,n,82,SCOMBER SCOMBRUS,MACKEREL,Teleost,CIROL03-91-60\DGS-1005840,1,,1
CIROL03-93-13,1993,08/03/1993,Celtic Sea,VIIg,SQUALUS ACANTHIAS,SPURDOG,n,82,SCOMBER SCOMBRUS,MACKEREL,Teleost,CIROL03-93-13\DGS-1007642,1,23,1
CIROL03-93-13,1993,08/03/1993,Celtic Sea,VIIg,SQUALUS ACANTHIAS,SPURDOG,n,82,SCOMBER SCOMBRUS,MACKEREL,Teleost,CIROL03-93-13\DGS-1007642,1,27,1
CIROL03-91-2,1991,10/03/1991,Celtic Sea,VIIg,SQUALUS ACANTHIAS,SPURDOG,n,63,SCOMBER SCOMBRUS,MACKEREL,Teleost,CIROL03-91-2\DGS-1002732,1,,1
CIROL03-91-3,1991,10/03/1991,Celtic Sea,VIIg,SQUALUS ACANTHIAS,SPURDOG,n,76,SCOMBER SCOMBRUS,MACKEREL,Teleost,CIROL03-91-3\DGS-1002736,1,27,1
CIROL03-91-38,1991,25/03/1991,Celtic Sea,VIIj,SQUALUS ACANTHIAS,SPURDOG,n,92,SCOMBER SCOMBRUS,MACKEREL,Teleost,CIROL03-91-38\DGS-1006576,1,25,1
CIROL03-91-49,1991,28/03/1991,Celtic Sea,VIIh,SQUALUS ACANTHIAS,SPURDOG,n,75,SCOMBER SCOMBRUS,MACKEREL,Teleost,CIROL03-91-49\DGS-1001287,1,,1
CIROL03-91-49,1991,28/03/1991,Celtic Sea,VIIh,SQUALUS ACANTHIAS,SPURDOG,n,97,SCOMBER SCOMBRUS,MACKEREL,Teleost,CIROL03-91-49\DGS-1001288,1,32,1
CIROL03-91-50,1991,28/03/1991,Celtic Sea,VIIh,SQUALUS ACANTHIAS,SPURDOG,n,77,SCOMBER SCOMBRUS,MACKEREL,Teleost,CIROL03-91-50\DGS-1001755,1,,1
CIROL04-92-65,1992,09/04/1992,Celtic Sea,VIIf,SQUALUS ACANTHIAS,SPURDOG,n,89,SCOMBER SCOMBRUS,MACKEREL,Teleost,CIROL04-92-65\DGS-1002059,1,25,1
CIROL04-92-65,1992,09/04/1992,Celtic Sea,VIIf,SQUALUS ACANTHIAS,SPURDOG,n,75,SCOMBER SCOMBRUS,MACKEREL,Teleost,CIROL04-92-65\DGS-1002061,1,,1
CIROL04-92-60,1992,08/04/1992,Celtic Sea,VIIh,SQUALUS ACANTHIAS,SPURDOG,n,74,SCOMBER SCOMBRUS,MACKEREL,Teleost,CIROL04-92-60\DGS-1002054,1,,1
CIROL04-92-21,1992,30/03/1992,Celtic Sea,VIIj,SQUALUS ACANTHIAS,SPURDOG,n,79,SCOMBER SCOMBRUS,MACKEREL,Teleost,CIROL04-92-21\DGS-1002039,1,,1
CIROL04-92-21,1992,30/03/1992,Celtic Sea,VIIj,SQUALUS ACANTHIAS,SPURDOG,n,65,SCOMBER SCOMBRUS,MACKEREL,Teleost,CIROL04-92-21\DGS-1002040,1,,1
CIROL04-92-22,1992,30/03/1992,Celtic Sea,VIIj,SQUALUS ACANTHIAS,SPURDOG,n,72,SCOMBER SCOMBRUS,MACKEREL,Teleost,CIROL04-92-22\DGS-1002042,1,,1
CLION11-83-38,1983,17/09/1983,Irish Sea,VIIa,SQUALUS ACANTHIAS,SPURDOG,n,54,SCOMBER SCOMBRUS,MACKEREL,Teleost,CLION11-83-38\DGS-1,1,,1
CLION11-83-51,1983,22/09/1983,Irish Sea,VIIa,SQUALUS ACANTHIAS,SPURDOG,n,78,SCOMBER SCOMBRUS,MACKEREL,Teleost,CLION11-83-51\DGS-1,1,,1
CLION11-83-53,1983,22/09/1983,Irish Sea,VIIa,SQUALUS ACANTHIAS,SPURDOG,n,82,SCOMBER SCOMBRUS,MACKEREL,Teleost,CLION11-83-53\DGS-1,1,,1
CIROL10-91-52,1991,13/12/1991,Celtic Sea,VIIg,SQUALUS ACANTHIAS,SPURDOG,n,73,SCOMBER SCOMBRUS,MACKEREL,Teleost,CIROL10-91-52\DGS-1007219,1,,1
CIROL10-91-53,1991,13/12/1991,Celtic Sea,VIIg,SQUALUS ACANTHIAS,SPURDOG,n,75,SCOMBER SCOMBRUS,MACKEREL,Teleost,CIROL10-91-53\DGS-1007222,1,22,1
FORD-1919-P1,1919,1919,Channel,VIIe,SQUALUS ACANTHIAS,SPURDOG,Y,,SCOMBER SCOMBRUS,MACKEREL,Teleost,FORD-1919-P1/DGS-1,143,,27.17
EHOLT-1964-07-77,1964,30/10/1964,W Scotland,VIa,SQUALUS ACANTHIAS,SPURDOG,n,94,SCOMBER SCOMBRUS,MACKEREL,Teleost,EHOLT-1964-07-77\DGS-291,1,,1
EHOLT-1964-07-77,1964,30/10/1964,W Scotland,VIa,SQUALUS ACANTHIAS,SPURDOG,n,78,SCOMBER SCOMBRUS,MACKEREL,Teleost,EHOLT-1964-07-77\DGS-305,1,,1
CLION11-83-58,1983,23/09/1983,Irish Sea,VIIa,SQUALUS ACANTHIAS,SPURDOG,n,80,SCOMBER SCOMBRUS,MACKEREL,Teleost,CLION11-83-58\DGS   -1,1,,1
CLION11-83-59,1983,23/09/1983,Irish Sea,VIIa,SQUALUS ACANTHIAS,SPURDOG,n,84,SCOMBER SCOMBRUS,MACKEREL,Teleost,CLION11-83-59\DGS   -3,1,,1
CLION11-83-54,1983,22/09/1983,Irish Sea,VIIa,SQUALUS ACANTHIAS,SPURDOG,n,74,SCOMBER SCOMBRUS,MACKEREL,Teleost,CLION11-83-54\DGS   -6,1,,1
FORD-1919-P1,1919,1919,Channel,VIIe,GALEORHINUS GALEUS,TOPE SHARK,Y,47,SCOMBER SCOMBRUS,MACKEREL,Teleost,FORD-1919-P1/GAG-1,5,,1
CLION11-83-19,1983,14/09/1983,Irish Sea,VIIa,GALEORHINUS GALEUS,TOPE SHARK,n,101,SCOMBER SCOMBRUS,MACKEREL,Teleost,CLION11-83-19\GAG-1,1,,1
DORMAN-1983-1,1983,1983,Celtic Sea,VIIg,BELONE BELONE,GARFISH,y,69.4,SCOMBER SCOMBRUS,MACKEREL,Teleost,DORMAN-1983-1/GAR-1,554,,1
CIROL03-91-62,1991,01/04/1991,Channel,VIIe,EUTRIGLA GURNARDUS,GREY GURNARD,n,34,SCOMBER SCOMBRUS,MACKEREL,Teleost,CIROL03-91-62\GUG-1005077,1,,1
CIROL04-92-2,1992,20/03/1992,Channel,VIIe,MELANOGRAMMUS AEGLEFINUS,HADDOCK,n,63,SCOMBER SCOMBRUS,MACKEREL,Teleost,CIROL04-92-2\HAD-366,1,20,1
CIROL04-92-2,1992,20/03/1992,Channel,VIIe,MERLUCCIUS MERLUCCIUS,EUROPEAN HAKE,n,33,SCOMBER SCOMBRUS,MACKEREL,Teleost,CIROL04-92-2\HKE-682,1,,1
CIROL03-94-4,1994,28/02/1994,Celtic Sea,VIIj,MERLUCCIUS MERLUCCIUS,EUROPEAN HAKE,n,34,SCOMBER SCOMBRUS,MACKEREL,Teleost,CIROL03-94-4\HKE-2814,1,15,1
CIROL03-94-4,1994,28/02/1994,Celtic Sea,VIIj,MERLUCCIUS MERLUCCIUS,EUROPEAN HAKE,n,38,SCOMBER SCOMBRUS,MACKEREL,Teleost,CIROL03-94-4\HKE-2815,1,15,1
CIROL04-92-33,1992,02/04/1992,Celtic Sea,VIIj,MERLUCCIUS MERLUCCIUS,EUROPEAN HAKE,n,64,SCOMBER SCOMBRUS,MACKEREL,Teleost,CIROL04-92-33\HKE-745,1,27,1
CIROL04-92-36,1992,02/04/1992,Celtic Sea,VIIj,MERLUCCIUS MERLUCCIUS,EUROPEAN HAKE,n,71,SCOMBER SCOMBRUS,MACKEREL,Teleost,CIROL04-92-36\HKE-757,1,32,1
CIROL04-92-37,1992,02/04/1992,Celtic Sea,VIIj,MERLUCCIUS MERLUCCIUS,EUROPEAN HAKE,n,71,SCOMBER SCOMBRUS,MACKEREL,Teleost,CIROL04-92-37\HKE-758,1,32,1
CIROL04-92-4,1992,21/03/1992,Celtic Sea,VIIh,MERLUCCIUS MERLUCCIUS,EUROPEAN HAKE,n,33,SCOMBER SCOMBRUS,MACKEREL,Teleost,CIROL04-92-4\HKE-717,1,18,1
CIROL04-92-4,1992,21/03/1992,Celtic Sea,VIIh,MERLUCCIUS MERLUCCIUS,EUROPEAN HAKE,n,37,SCOMBER SCOMBRUS,MACKEREL,Teleost,CIROL04-92-4\HKE-719,1,18,1
CIROL04-92-45,1992,04/04/1992,Celtic Sea,VIIj,MERLUCCIUS MERLUCCIUS,EUROPEAN HAKE,n,63,SCOMBER SCOMBRUS,MACKEREL,Teleost,CIROL04-92-45\HKE-746,1,19,2
CIROL04-92-62,1992,08/04/1992,Celtic Sea,VIIh,MERLUCCIUS MERLUCCIUS,EUROPEAN HAKE,n,35,SCOMBER SCOMBRUS,MACKEREL,Teleost,CIROL04-92-62\HKE-761,1,18,1
CIROL04-92-48,1992,05/04/1992,Celtic Sea,VIIh,MERLUCCIUS MERLUCCIUS,EUROPEAN HAKE,n,36,SCOMBER SCOMBRUS,MACKEREL,Teleost,CIROL04-92-48\HKE-722,1,18,1
CIROL04-92-5,1992,21/03/1992,Celtic Sea,VIIh,MERLUCCIUS MERLUCCIUS,EUROPEAN HAKE,n,35,SCOMBER SCOMBRUS,MACKEREL,Teleost,CIROL04-92-5\HKE-712,1,18,1
CIROL04-92-5,1992,21/03/1992,Celtic Sea,VIIh,MERLUCCIUS MERLUCCIUS,EUROPEAN HAKE,n,79,SCOMBER SCOMBRUS,MACKEREL,Teleost,CIROL04-92-5\HKE-715,1,23,1
CIROL10-91-12,1991,01/12/1991,Channel,VIIe,MERLUCCIUS MERLUCCIUS,EUROPEAN HAKE,n,37,SCOMBER SCOMBRUS,MACKEREL,Teleost,CIROL10-91-12\HKE-163,1,17,1
CIROL10-91-12,1991,01/12/1991,Channel,VIIe,MERLUCCIUS MERLUCCIUS,EUROPEAN HAKE,n,37,SCOMBER SCOMBRUS,MACKEREL,Teleost,CIROL10-91-12\HKE-164,1,17,1
CIROL04-92-1,1992,20/03/1992,Channel,VIIe,MERLUCCIUS MERLUCCIUS,EUROPEAN HAKE,n,40,SCOMBER SCOMBRUS,MACKEREL,Teleost,CIROL04-92-1\HKE-671,1,,1
CIROL04-92-1,1992,20/03/1992,Channel,VIIe,MERLUCCIUS MERLUCCIUS,EUROPEAN HAKE,n,32,SCOMBER SCOMBRUS,MACKEREL,Teleost,CIROL04-92-1\HKE-672,1,17,1
CIROL04-92-1,1992,20/03/1992,Channel,VIIe,MERLUCCIUS MERLUCCIUS,EUROPEAN HAKE,n,34,SCOMBER SCOMBRUS,MACKEREL,Teleost,CIROL04-92-1\HKE-675,1,18,1
CIROL04-92-1,1992,20/03/1992,Channel,VIIe,MERLUCCIUS MERLUCCIUS,EUROPEAN HAKE,n,39,SCOMBER SCOMBRUS,MACKEREL,Teleost,CIROL04-92-1\HKE-684,1,18,1
CIROL04-92-1,1992,20/03/1992,Channel,VIIe,MERLUCCIUS MERLUCCIUS,EUROPEAN HAKE,n,38,SCOMBER SCOMBRUS,MACKEREL,Teleost,CIROL04-92-1\HKE-686,1,,1
CIROL03-94-14,1994,03/03/1994,Celtic Sea,VIIj,MERLUCCIUS MERLUCCIUS,EUROPEAN HAKE,n,48,SCOMBER SCOMBRUS,MACKEREL,Teleost,CIROL03-94-14\HKE-2816,1,26,1
CIROL03-93-38,1993,16/03/1993,Channel,VIIe,MERLUCCIUS MERLUCCIUS,EUROPEAN HAKE,n,42,SCOMBER SCOMBRUS,MACKEREL,Teleost,CIROL03-93-38\HKE-2638,1,17,1
CIROL03-91-61,1991,31/03/1991,Celtic Sea,VIIh,MERLUCCIUS MERLUCCIUS,EUROPEAN HAKE,n,103,SCOMBER SCOMBRUS,MACKEREL,Teleost,CIROL03-91-61\HKE-1004830,1,29,1
CIROL03-93-40,1993,18/03/1993,Celtic Sea,VIIj,MERLUCCIUS MERLUCCIUS,EUROPEAN HAKE,n,73,SCOMBER SCOMBRUS,MACKEREL,Teleost,CIROL03-93-40\HKE-2658,1,28,1
CLION11-83-19,1983,14/09/1983,Irish Sea,VIIa,MERLUCCIUS MERLUCCIUS,EUROPEAN HAKE,n,67,SCOMBER SCOMBRUS,MACKEREL,Teleost,CLION11-83-19\HKE-1,1,30.00,1
CIROL10-91-49,1991,12/12/1991,Celtic Sea,VIIj,MERLUCCIUS MERLUCCIUS,EUROPEAN HAKE,n,27,SCOMBER SCOMBRUS,MACKEREL,Teleost,CIROL10-91-49\HKE-197,1,11,1
CLION11-83-36,1983,17/09/1983,Irish Sea,VIIa,MERLUCCIUS MERLUCCIUS,EUROPEAN HAKE,n,64,SCOMBER SCOMBRUS,MACKEREL,Teleost,CLION11-83-36\HKE-1,1,25.00,1
CLION11-83-37,1983,17/09/1983,Irish Sea,VIIa,MERLUCCIUS MERLUCCIUS,EUROPEAN HAKE,n,104,SCOMBER SCOMBRUS,MACKEREL,Teleost,CLION11-83-37\HKE-5,1,30.00,3
CIROL10-91-53,1991,13/12/1991,Celtic Sea,VIIg,MERLUCCIUS MERLUCCIUS,EUROPEAN HAKE,n,68,SCOMBER SCOMBRUS,MACKEREL,Teleost,CIROL10-91-53\HKE-199,1,,4
CLION11-83-17,1983,13/09/1983,Irish Sea,VIIa,MERLUCCIUS MERLUCCIUS,EUROPEAN HAKE,n,62,SCOMBER SCOMBRUS,MACKEREL,Teleost,CLION11-83-17\HKE-2,1,25.00,1
CIROL03-93-28,1993,13/03/1993,Celtic Sea,VIIh,MERLUCCIUS MERLUCCIUS,EUROPEAN HAKE,n,77,SCOMBER SCOMBRUS,MACKEREL,Teleost,CIROL03-93-28\HKE-2653,1,29,1
CIROL10-91-39,1991,09/12/1991,Celtic Sea,VIIg,MERLUCCIUS MERLUCCIUS,EUROPEAN HAKE,n,40,SCOMBER SCOMBRUS,MACKEREL,Teleost,CIROL10-91-39\HKE-186,1,18,1
CIROL10-91-42,1991,10/12/1991,Celtic Sea,VIIg,MERLUCCIUS MERLUCCIUS,EUROPEAN HAKE,n,43,SCOMBER SCOMBRUS,MACKEREL,Teleost,CIROL10-91-42\HKE-187,1,19,1
CIROL10-91-42,1991,10/12/1991,Celtic Sea,VIIg,MERLUCCIUS MERLUCCIUS,EUROPEAN HAKE,n,42,SCOMBER SCOMBRUS,MACKEREL,Teleost,CIROL10-91-42\HKE-188,1,20,1
CIROL10-91-44,1991,10/12/1991,Celtic Sea,VIIg,MERLUCCIUS MERLUCCIUS,EUROPEAN HAKE,n,43,SCOMBER SCOMBRUS,MACKEREL,Teleost,CIROL10-91-44\HKE-189,1,17,1
CIROL10-91-44,1991,10/12/1991,Celtic Sea,VIIg,MERLUCCIUS MERLUCCIUS,EUROPEAN HAKE,n,34,SCOMBER SCOMBRUS,MACKEREL,Teleost,CIROL10-91-44\HKE-193,1,19,1
CIROL10-91-44,1991,10/12/1991,Celtic Sea,VIIg,MERLUCCIUS MERLUCCIUS,EUROPEAN HAKE,n,39,SCOMBER SCOMBRUS,MACKEREL,Teleost,CIROL10-91-44\HKE-195,1,,1
CIROL10-91-45,1991,11/12/1991,Celtic Sea,VIIg,MERLUCCIUS MERLUCCIUS,EUROPEAN HAKE,n,60,SCOMBER SCOMBRUS,MACKEREL,Teleost,CIROL10-91-45\HKE-196,1,16,1
CIROL10-91-45,1991,11/12/1991,Celtic Sea,VIIg,MERLUCCIUS MERLUCCIUS,EUROPEAN HAKE,n,60,SCOMBER SCOMBRUS,MACKEREL,Teleost,CIROL10-91-45\HKE-196,1,18,2
CIROL03-91-57,1991,30/03/1991,Biscay,VIIIa,MERLUCCIUS MERLUCCIUS,EUROPEAN HAKE,n,94,SCOMBER SCOMBRUS,MACKEREL,Teleost,CIROL03-91-57\HKE-1000993,1,24,1
CIROL03-91-57,1991,30/03/1991,Biscay,VIIIa,MERLUCCIUS MERLUCCIUS,EUROPEAN HAKE,n,94,SCOMBER SCOMBRUS,MACKEREL,Teleost,CIROL03-91-57\HKE-1000993,1,27,1
CIROL03-91-8,1991,12/03/1991,Celtic Sea,VIIj,MERLUCCIUS MERLUCCIUS,EUROPEAN HAKE,n,26,SCOMBER SCOMBRUS,MACKEREL,Teleost,CIROL03-91-8\HKE-1004017,1,,1
CIROL03-91-9,1991,13/03/1991,Celtic Sea,VIIj,MERLUCCIUS MERLUCCIUS,EUROPEAN HAKE,n,79,SCOMBER SCOMBRUS,MACKEREL,Teleost,CIROL03-91-9\HKE-1003189,1,33,1
CIROL03-91-9,1991,13/03/1991,Celtic Sea,VIIj,MERLUCCIUS MERLUCCIUS,EUROPEAN HAKE,n,29,SCOMBER SCOMBRUS,MACKEREL,Teleost,CIROL03-91-9\HKE-1003193,1,20,1
CIROL03-91-37,1991,24/03/1991,Celtic Sea,VIIj,MERLUCCIUS MERLUCCIUS,EUROPEAN HAKE,n,70,SCOMBER SCOMBRUS,MACKEREL,Teleost,CIROL03-91-37\HKE-1006241,1,35,1
CIROL03-91-5,1991,11/03/1991,Celtic Sea,VIIj,MERLUCCIUS MERLUCCIUS,EUROPEAN HAKE,n,36,SCOMBER SCOMBRUS,MACKEREL,Teleost,CIROL03-91-5\HKE-1003170,1,16,1
CIROL03-91-32,1991,23/03/1991,Celtic Sea,VIIj,MERLUCCIUS MERLUCCIUS,EUROPEAN HAKE,n,38,SCOMBER SCOMBRUS,MACKEREL,Teleost,CIROL03-91-32\HKE-1006233,1,16,1
CIROL03-91-32,1991,23/03/1991,Celtic Sea,VIIj,MERLUCCIUS MERLUCCIUS,EUROPEAN HAKE,n,46,SCOMBER SCOMBRUS,MACKEREL,Teleost,CIROL03-91-32\HKE-1006239,1,19,1
CIROL03-91-44,1991,27/03/1991,Celtic Sea,VIIh,MERLUCCIUS MERLUCCIUS,EUROPEAN HAKE,n,28,SCOMBER SCOMBRUS,MACKEREL,Teleost,CIROL03-91-44\HKE-1000971,1,17,1
CIROL03-91-44,1991,27/03/1991,Celtic Sea,VIIh,MERLUCCIUS MERLUCCIUS,EUROPEAN HAKE,n,31,SCOMBER SCOMBRUS,MACKEREL,Teleost,CIROL03-91-44\HKE-1000976,1,17,2
CIROL03-91-44,1991,27/03/1991,Celtic Sea,VIIh,MERLUCCIUS MERLUCCIUS,EUROPEAN HAKE,n,33,SCOMBER SCOMBRUS,MACKEREL,Teleost,CIROL03-91-44\HKE-1000977,1,15,1
CIROL03-91-44,1991,27/03/1991,Celtic Sea,VIIh,MERLUCCIUS MERLUCCIUS,EUROPEAN HAKE,n,31,SCOMBER SCOMBRUS,MACKEREL,Teleost,CIROL03-91-44\HKE-1000979,1,15,1
CIROL03-91-44,1991,27/03/1991,Celtic Sea,VIIh,MERLUCCIUS MERLUCCIUS,EUROPEAN HAKE,n,55,SCOMBER SCOMBRUS,MACKEREL,Teleost,CIROL03-91-44\HKE-1000988,1,30,1
CIROL03-91-44,1991,27/03/1991,Celtic Sea,VIIh,MERLUCCIUS MERLUCCIUS,EUROPEAN HAKE,n,55,SCOMBER SCOMBRUS,MACKEREL,Teleost,CIROL03-91-44\HKE-1000989,1,20,1
CIROL03-91-44,1991,27/03/1991,Celtic Sea,VIIh,MERLUCCIUS MERLUCCIUS,EUROPEAN HAKE,n,82,SCOMBER SCOMBRUS,MACKEREL,Teleost,CIROL03-91-44\HKE-1000991,1,35,1
CIROL03-91-45,1991,27/03/1991,Celtic Sea,VIIh,MERLUCCIUS MERLUCCIUS,EUROPEAN HAKE,n,29,SCOMBER SCOMBRUS,MACKEREL,Teleost,CIROL03-91-45\HKE-1006188,1,19,1
CIROL03-91-45,1991,27/03/1991,Celtic Sea,VIIh,MERLUCCIUS MERLUCCIUS,EUROPEAN HAKE,n,34,SCOMBER SCOMBRUS,MACKEREL,Teleost,CIROL03-91-45\HKE-1006221,1,17,1
CIROL03-91-47,1991,27/03/1991,Celtic Sea,VIIh,MERLUCCIUS MERLUCCIUS,EUROPEAN HAKE,n,27,SCOMBER SCOMBRUS,MACKEREL,Teleost,CIROL03-91-47\HKE-1005356,1,19,1
CIROL03-91-38,1991,25/03/1991,Celtic Sea,VIIj,MERLUCCIUS MERLUCCIUS,EUROPEAN HAKE,n,30,SCOMBER SCOMBRUS,MACKEREL,Teleost,CIROL03-91-38\HKE-1006217,1,,1
CIROL03-91-38,1991,25/03/1991,Celtic Sea,VIIj,MERLUCCIUS MERLUCCIUS,EUROPEAN HAKE,n,30,SCOMBER SCOMBRUS,MACKEREL,Teleost,CIROL03-91-38\HKE-1006218,1,16,1
CIROL03-91-38,1991,25/03/1991,Celtic Sea,VIIj,MERLUCCIUS MERLUCCIUS,EUROPEAN HAKE,n,37,SCOMBER SCOMBRUS,MACKEREL,Teleost,CIROL03-91-38\HKE-1006236,1,17,1
CIROL03-91-38,1991,25/03/1991,Celtic Sea,VIIj,MERLUCCIUS MERLUCCIUS,EUROPEAN HAKE,n,35,SCOMBER SCOMBRUS,MACKEREL,Teleost,CIROL03-91-38\HKE-1006237,1,18,1
CIROL03-91-38,1991,25/03/1991,Celtic Sea,VIIj,MERLUCCIUS MERLUCCIUS,EUROPEAN HAKE,n,41,SCOMBER SCOMBRUS,MACKEREL,Teleost,CIROL03-91-38\HKE-1006240,1,17,1
CIROL03-91-39,1991,25/03/1991,Celtic Sea,VIIj,MERLUCCIUS MERLUCCIUS,EUROPEAN HAKE,n,32,SCOMBER SCOMBRUS,MACKEREL,Teleost,CIROL03-91-39\HKE-1005362,1,17,1
CIROL03-91-39,1991,25/03/1991,Celtic Sea,VIIj,MERLUCCIUS MERLUCCIUS,EUROPEAN HAKE,n,31,SCOMBER SCOMBRUS,MACKEREL,Teleost,CIROL03-91-39\HKE-1005363,1,,1
CIROL03-91-39,1991,25/03/1991,Celtic Sea,VIIj,MERLUCCIUS MERLUCCIUS,EUROPEAN HAKE,n,31,SCOMBER SCOMBRUS,MACKEREL,Teleost,CIROL03-91-39\HKE-1005364,1,17,1
CIROL03-91-39,1991,25/03/1991,Celtic Sea,VIIj,MERLUCCIUS MERLUCCIUS,EUROPEAN HAKE,n,23,SCOMBER SCOMBRUS,MACKEREL,Teleost,CIROL03-91-39\HKE-1005380,1,17,1
CIROL03-91-39,1991,25/03/1991,Celtic Sea,VIIj,MERLUCCIUS MERLUCCIUS,EUROPEAN HAKE,n,39,SCOMBER SCOMBRUS,MACKEREL,Teleost,CIROL03-91-39\HKE-1005388,1,19,1
CIROL03-91-23,1991,21/03/1991,Celtic Sea,VIIj,MERLUCCIUS MERLUCCIUS,EUROPEAN HAKE,n,39,SCOMBER SCOMBRUS,MACKEREL,Teleost,CIROL03-91-23\HKE-1004045,1,20,1
CIROL03-91-25,1991,22/03/1991,Celtic Sea,VIIj,MERLUCCIUS MERLUCCIUS,EUROPEAN HAKE,n,32,SCOMBER SCOMBRUS,MACKEREL,Teleost,CIROL03-91-25\HKE-1003212,1,19,1
CIROL03-91-26,1991,22/03/1991,Celtic Sea,VIIj,MERLUCCIUS MERLUCCIUS,EUROPEAN HAKE,n,34,SCOMBER SCOMBRUS,MACKEREL,Teleost,CIROL03-91-26\HKE-1004035,1,17,1
CIROL03-91-26,1991,22/03/1991,Celtic Sea,VIIj,MERLUCCIUS MERLUCCIUS,EUROPEAN HAKE,n,33,SCOMBER SCOMBRUS,MACKEREL,Teleost,CIROL03-91-26\HKE-1004036,1,19,1
CIROL03-91-26,1991,22/03/1991,Celtic Sea,VIIj,MERLUCCIUS MERLUCCIUS,EUROPEAN HAKE,n,36,SCOMBER SCOMBRUS,MACKEREL,Teleost,CIROL03-91-26\HKE-1004052,1,19,1
ALIDA-1925-I,1925,,W Scotland,VIa,MERLUCCIUS MERLUCCIUS,EUROPEAN HAKE,y,50,SCOMBER SCOMBRUS,MACKEREL,Teleost,ALIDA-1925-I\HKE-1,616,,33
CIROL03-91-1,1991,10/03/1991,Celtic Sea,VIIg,MERLUCCIUS MERLUCCIUS,EUROPEAN HAKE,n,12,SCOMBER SCOMBRUS,MACKEREL,Teleost,CIROL03-91-1\HKE-1002447,1,1.5,1
CIROL03-91-20,1991,20/03/1991,Celtic Sea,VIIj,MERLUCCIUS MERLUCCIUS,EUROPEAN HAKE,n,93,SCOMBER SCOMBRUS,MACKEREL,Teleost,CIROL03-91-20\HKE-1004039,1,33,1
CIROL03-91-20,1991,20/03/1991,Celtic Sea,VIIj,MERLUCCIUS MERLUCCIUS,EUROPEAN HAKE,n,84,SCOMBER SCOMBRUS,MACKEREL,Teleost,CIROL03-91-20\HKE-1004040,1,36,1
CIROL03-91-20,1991,20/03/1991,Celtic Sea,VIIj,MERLUCCIUS MERLUCCIUS,EUROPEAN HAKE,n,64,SCOMBER SCOMBRUS,MACKEREL,Teleost,CIROL03-91-20\HKE-1004042,1,32,1
CIROL03-91-20,1991,20/03/1991,Celtic Sea,VIIj,MERLUCCIUS MERLUCCIUS,EUROPEAN HAKE,n,78,SCOMBER SCOMBRUS,MACKEREL,Teleost,CIROL03-91-20\HKE-1004044,1,32,1
PRINCE-1925-II/III/IV,1925,,Celtic Sea,VIIj,MERLUCCIUS MERLUCCIUS,EUROPEAN HAKE,y,50,SCOMBER SCOMBRUS,MACKEREL,Teleost,PRINCE-1925-II/III/IV\HKE-1,1143,,22
PRINCE-1925-V/VI,1925,,Celtic Sea,VIIg,MERLUCCIUS MERLUCCIUS,EUROPEAN HAKE,y,50,SCOMBER SCOMBRUS,MACKEREL,Teleost,PRINCE-1925-V/VI\HKE-1,523,,17
CLION11-83-59,1983,23/09/1983,Irish Sea,VIIa,MERLUCCIUS MERLUCCIUS,EUROPEAN HAKE,n,51,SCOMBER SCOMBRUS,MACKEREL,Teleost,CLION11-83-59\HKE-4,1,,1
TAMURA-1925-I,1925,,W Ireland,VIIb,MERLUCCIUS MERLUCCIUS,EUROPEAN HAKE,y,50,SCOMBER SCOMBRUS,MACKEREL,Teleost,TAMURA-1925-I\HKE-1,243,,135
TAMURA-1926-III,1926,,Celtic Sea,VIIj,MERLUCCIUS MERLUCCIUS,EUROPEAN HAKE,y,50,SCOMBER SCOMBRUS,MACKEREL,Teleost,TAMURA-1926-III\HKE-1,452,,12
TAMURA-1926-III,1926,,Celtic Sea,VIIj,MERLUCCIUS MERLUCCIUS,EUROPEAN HAKE,y,50,SCOMBER SCOMBRUS,MACKEREL,Teleost,TAMURA-1926-III\HKE-1,452,,27
TAMURA-1926-V,1926,,W Ireland,VIIc,MERLUCCIUS MERLUCCIUS,EUROPEAN HAKE,y,50,SCOMBER SCOMBRUS,MACKEREL,Teleost,TAMURA-1926-V\HKE-1,705,,4
TAMURA-1926-VII,1926,,W Ireland,VIIb,MERLUCCIUS MERLUCCIUS,EUROPEAN HAKE,y,50,SCOMBER SCOMBRUS,MACKEREL,Teleost,TAMURA-1926-VII\HKE-1,986,,19
TAMURA-1926-VIII,1926,,W Ireland,VIIb,MERLUCCIUS MERLUCCIUS,EUROPEAN HAKE,y,50,SCOMBER SCOMBRUS,MACKEREL,Teleost,TAMURA-1926-VIII\HKE-1,910,,31
END19-06-18,2006,10/11/2006,Celtic Sea,VIIf,ZEUS FABER,JOHN DORY,n,34,SCOMBER SCOMBRUS,MACKEREL,Teleost,END19-06-18\JOD-3,1,18,2
END19-06-18,2006,10/11/2006,Celtic Sea,VIIf,ZEUS FABER,JOHN DORY,n,34,SCOMBER SCOMBRUS,MACKEREL,Teleost,END19-06-18\JOD-3,1,17,1
END19-06-18,2006,10/11/2006,Celtic Sea,VIIf,ZEUS FABER,JOHN DORY,n,35,SCOMBER SCOMBRUS,MACKEREL,Teleost,END19-06-18\JOD-5,1,17,1
END19-06-19,2006,10/11/2006,Celtic Sea,VIIf,ZEUS FABER,JOHN DORY,n,38,SCOMBER SCOMBRUS,MACKEREL,Teleost,END19-06-19\JOD-1,1,,2
CIROL03-91-39,1991,25/03/1991,Celtic Sea,VIIj,ZEUS FABER,JOHN DORY,n,45,SCOMBER SCOMBRUS,MACKEREL,Teleost,CIROL03-91-39\JOD-1005883,1,26,1
CIROL03-91-47,1991,27/03/1991,Celtic Sea,VIIh,ZEUS FABER,JOHN DORY,n,40,SCOMBER SCOMBRUS,MACKEREL,Teleost,CIROL03-91-47\JOD-1005889,1,,1
CIROL03-91-33,1991,23/03/1991,Celtic Sea,VIIj,ZEUS FABER,JOHN DORY,n,39,SCOMBER SCOMBRUS,MACKEREL,Teleost,CIROL03-91-33\JOD-1006609,1,20,1
CIROL03-91-46,1991,27/03/1991,Celtic Sea,VIIh,ZEUS FABER,JOHN DORY,n,42,SCOMBER SCOMBRUS,MACKEREL,Teleost,CIROL03-91-46\JOD-1005888,1,24,1
CIROL03-91-60,1991,31/03/1991,Celtic Sea,VIIh,ZEUS FABER,JOHN DORY,n,41,SCOMBER SCOMBRUS,MACKEREL,Teleost,CIROL03-91-60\JOD-1005890,1,,1
CIROL03-93-36,1993,15/03/1993,Celtic Sea,VIIh,ZEUS FABER,JOHN DORY,n,28,SCOMBER SCOMBRUS,MACKEREL,Teleost,CIROL03-93-36\JOD-1007778,1,18,1
CIROL03-93-38,1993,16/03/1993,Channel,VIIe,ZEUS FABER,JOHN DORY,n,33,SCOMBER SCOMBRUS,MACKEREL,Teleost,CIROL03-93-38\JOD-1007775,1,21,1
CIROL04-92-65,1992,09/04/1992,Celtic Sea,VIIf,ZEUS FABER,JOHN DORY,n,44,SCOMBER SCOMBRUS,MACKEREL,Teleost,CIROL04-92-65\JOD-1007431,1,27,1
CIROL04-92-45,1992,04/04/1992,Celtic Sea,VIIj,ZEUS FABER,JOHN DORY,n,53,SCOMBER SCOMBRUS,MACKEREL,Teleost,CIROL04-92-45\JOD-1007402,1,,1
CIROL03-91-59,1991,31/03/1991,Celtic Sea,VIIh,MOLVA MOLVA,COMMON LING,n,98,SCOMBER SCOMBRUS,MACKEREL,Teleost,CIROL03-91-59\LIN-1004809,1,22,1
CIROL03-91-59,1991,31/03/1991,Celtic Sea,VIIh,MOLVA MOLVA,COMMON LING,n,98,SCOMBER SCOMBRUS,MACKEREL,Teleost,CIROL03-91-59\LIN-1004809,1,29,1
CIROL03-91-51,1991,29/03/1991,Celtic Sea,VIIh,SCYLIORHINUS CANICULA,LESSER SPOTTED DOGFISH,n,58,SCOMBER SCOMBRUS,MACKEREL,Teleost,CIROL03-91-51\LSD-1001442,1,24,1
CIROL03-91-62,1991,01/04/1991,Channel,VIIe,SCYLIORHINUS CANICULA,LESSER SPOTTED DOGFISH,n,33,SCOMBER SCOMBRUS,MACKEREL,Teleost,CIROL03-91-62\LSD-1005175,1,,1
CIROL03-91-7,1991,12/03/1991,Celtic Sea,VIIj,SCYLIORHINUS CANICULA,LESSER SPOTTED DOGFISH,n,53,SCOMBER SCOMBRUS,MACKEREL,Teleost,CIROL03-91-7\LSD-1003792,1,,1
CIROL03-91-7,1991,12/03/1991,Celtic Sea,VIIj,SCYLIORHINUS CANICULA,LESSER SPOTTED DOGFISH,n,65,SCOMBER SCOMBRUS,MACKEREL,Teleost,CIROL03-91-7\LSD-1003816,1,,1
CIROL03-91-7,1991,12/03/1991,Celtic Sea,VIIj,SCYLIORHINUS CANICULA,LESSER SPOTTED DOGFISH,n,66,SCOMBER SCOMBRUS,MACKEREL,Teleost,CIROL03-91-7\LSD-1003817,1,,1
CIROL03-91-7,1991,12/03/1991,Celtic Sea,VIIj,SCYLIORHINUS CANICULA,LESSER SPOTTED DOGFISH,n,70,SCOMBER SCOMBRUS,MACKEREL,Teleost,CIROL03-91-7\LSD-1003824,1,,1
CIROL03-91-7,1991,12/03/1991,Celtic Sea,VIIj,SCYLIORHINUS CANICULA,LESSER SPOTTED DOGFISH,n,77,SCOMBER SCOMBRUS,MACKEREL,Teleost,CIROL03-91-7\LSD-1003826,1,,1
CIROL03-91-9,1991,13/03/1991,Celtic Sea,VIIj,SCYLIORHINUS CANICULA,LESSER SPOTTED DOGFISH,n,42,SCOMBER SCOMBRUS,MACKEREL,Teleost,CIROL03-91-9\LSD-1003785,1,,1
CIROL03-91-9,1991,13/03/1991,Celtic Sea,VIIj,SCYLIORHINUS CANICULA,LESSER SPOTTED DOGFISH,n,49,SCOMBER SCOMBRUS,MACKEREL,Teleost,CIROL03-91-9\LSD-1003791,1,,1
CIROL03-91-9,1991,13/03/1991,Celtic Sea,VIIj,SCYLIORHINUS CANICULA,LESSER SPOTTED DOGFISH,n,59,SCOMBER SCOMBRUS,MACKEREL,Teleost,CIROL03-91-9\LSD-1003803,1,,1
CIROL03-91-9,1991,13/03/1991,Celtic Sea,VIIj,SCYLIORHINUS CANICULA,LESSER SPOTTED DOGFISH,n,59,SCOMBER SCOMBRUS,MACKEREL,Teleost,CIROL03-91-9\LSD-1003803,1,19,3
CIROL03-91-9,1991,13/03/1991,Celtic Sea,VIIj,SCYLIORHINUS CANICULA,LESSER SPOTTED DOGFISH,n,59,SCOMBER SCOMBRUS,MACKEREL,Teleost,CIROL03-91-9\LSD-1003804,1,21,1
CIROL03-91-9,1991,13/03/1991,Celtic Sea,VIIj,SCYLIORHINUS CANICULA,LESSER SPOTTED DOGFISH,n,60,SCOMBER SCOMBRUS,MACKEREL,Teleost,CIROL03-91-9\LSD-1003810,1,,1
CIROL03-91-9,1991,13/03/1991,Celtic Sea,VIIj,SCYLIORHINUS CANICULA,LESSER SPOTTED DOGFISH,n,60,SCOMBER SCOMBRUS,MACKEREL,Teleost,CIROL03-91-9\LSD-1003811,1,,1
CIROL03-91-9,1991,13/03/1991,Celtic Sea,VIIj,SCYLIORHINUS CANICULA,LESSER SPOTTED DOGFISH,n,65,SCOMBER SCOMBRUS,MACKEREL,Teleost,CIROL03-91-9\LSD-1003819,1,,1
CIROL03-91-8,1991,12/03/1991,Celtic Sea,VIIj,SCYLIORHINUS CANICULA,LESSER SPOTTED DOGFISH,n,39,SCOMBER SCOMBRUS,MACKEREL,Teleost,CIROL03-91-8\LSD-1004536,1,,1
CIROL03-91-8,1991,12/03/1991,Celtic Sea,VIIj,SCYLIORHINUS CANICULA,LESSER SPOTTED DOGFISH,n,27,SCOMBER SCOMBRUS,MACKEREL,Teleost,CIROL03-91-8\LSD-1004537,1,,1
CIROL03-91-8,1991,12/03/1991,Celtic Sea,VIIj,SCYLIORHINUS CANICULA,LESSER SPOTTED DOGFISH,n,54,SCOMBER SCOMBRUS,MACKEREL,Teleost,CIROL03-91-8\LSD-1004559,1,,1
CIROL03-91-8,1991,12/03/1991,Celtic Sea,VIIj,SCYLIORHINUS CANICULA,LESSER SPOTTED DOGFISH,n,68,SCOMBER SCOMBRUS,MACKEREL,Teleost,CIROL03-91-8\LSD-1004560,1,,1
CIROL03-91-8,1991,12/03/1991,Celtic Sea,VIIj,SCYLIORHINUS CANICULA,LESSER SPOTTED DOGFISH,n,68,SCOMBER SCOMBRUS,MACKEREL,Teleost,CIROL03-91-8\LSD-1004561,1,,1
CIROL03-91-8,1991,12/03/1991,Celtic Sea,VIIj,SCYLIORHINUS CANICULA,LESSER SPOTTED DOGFISH,n,53,SCOMBER SCOMBRUS,MACKEREL,Teleost,CIROL03-91-8\LSD-1004562,1,,1
CIROL03-91-8,1991,12/03/1991,Celtic Sea,VIIj,SCYLIORHINUS CANICULA,LESSER SPOTTED DOGFISH,n,56,SCOMBER SCOMBRUS,MACKEREL,Teleost,CIROL03-91-8\LSD-1004563,1,,1
CIROL03-91-8,1991,12/03/1991,Celtic Sea,VIIj,SCYLIORHINUS CANICULA,LESSER SPOTTED DOGFISH,n,44,SCOMBER SCOMBRUS,MACKEREL,Teleost,CIROL03-91-8\LSD-1004564,1,,1
CIROL03-91-8,1991,12/03/1991,Celtic Sea,VIIj,SCYLIORHINUS CANICULA,LESSER SPOTTED DOGFISH,n,62,SCOMBER SCOMBRUS,MACKEREL,Teleost,CIROL03-91-8\LSD-1004565,1,24,1
CIROL03-91-50,1991,28/03/1991,Celtic Sea,VIIh,SCYLIORHINUS CANICULA,LESSER SPOTTED DOGFISH,n,54,SCOMBER SCOMBRUS,MACKEREL,Teleost,CIROL03-91-50\LSD-1001727,1,,1
CIROL03-91-50,1991,28/03/1991,Celtic Sea,VIIh,SCYLIORHINUS CANICULA,LESSER SPOTTED DOGFISH,n,73,SCOMBER SCOMBRUS,MACKEREL,Teleost,CIROL03-91-50\LSD-1001746,1,27,1
CIROL03-91-50,1991,28/03/1991,Celtic Sea,VIIh,SCYLIORHINUS CANICULA,LESSER SPOTTED DOGFISH,n,70,SCOMBER SCOMBRUS,MACKEREL,Teleost,CIROL03-91-50\LSD-1001748,1,,1
CIROL03-91-49,1991,28/03/1991,Celtic Sea,VIIh,SCYLIORHINUS CANICULA,LESSER SPOTTED DOGFISH,n,62,SCOMBER SCOMBRUS,MACKEREL,Teleost,CIROL03-91-49\LSD-1001443,1,,1
CIROL03-91-49,1991,28/03/1991,Celtic Sea,VIIh,SCYLIORHINUS CANICULA,LESSER SPOTTED DOGFISH,n,72,SCOMBER SCOMBRUS,MACKEREL,Teleost,CIROL03-91-49\LSD-1001445,1,16,1
CIROL03-91-45,1991,27/03/1991,Celtic Sea,VIIh,SCYLIORHINUS CANICULA,LESSER SPOTTED DOGFISH,n,64,SCOMBER SCOMBRUS,MACKEREL,Teleost,CIROL03-91-45\LSD-1006554,1,21,1
CIROL03-91-39,1991,25/03/1991,Celtic Sea,VIIj,SCYLIORHINUS CANICULA,LESSER SPOTTED DOGFISH,n,57,SCOMBER SCOMBRUS,MACKEREL,Teleost,CIROL03-91-39\LSD-1005797,1,20,1
CIROL03-91-41,1991,26/03/1991,Celtic Sea,VIIh,SCYLIORHINUS CANICULA,LESSER SPOTTED DOGFISH,n,68,SCOMBER SCOMBRUS,MACKEREL,Teleost,CIROL03-91-41\LSD-1006571,1,16,1
CIROL03-91-42,1991,26/03/1991,Celtic Sea,VIIh,SCYLIORHINUS CANICULA,LESSER SPOTTED DOGFISH,n,39,SCOMBER SCOMBRUS,MACKEREL,Teleost,CIROL03-91-42\LSD-1006557,1,,1
CIROL03-91-42,1991,26/03/1991,Celtic Sea,VIIh,SCYLIORHINUS CANICULA,LESSER SPOTTED DOGFISH,n,68,SCOMBER SCOMBRUS,MACKEREL,Teleost,CIROL03-91-42\LSD-1006575,1,,1
CIROL03-91-43,1991,26/03/1991,Celtic Sea,VIIj,SCYLIORHINUS CANICULA,LESSER SPOTTED DOGFISH,n,50,SCOMBER SCOMBRUS,MACKEREL,Teleost,CIROL03-91-43\LSD-1001721,1,,1
CIROL03-91-43,1991,26/03/1991,Celtic Sea,VIIj,SCYLIORHINUS CANICULA,LESSER SPOTTED DOGFISH,n,53,SCOMBER SCOMBRUS,MACKEREL,Teleost,CIROL03-91-43\LSD-1001722,1,,1
CIROL03-91-43,1991,26/03/1991,Celtic Sea,VIIj,SCYLIORHINUS CANICULA,LESSER SPOTTED DOGFISH,n,58,SCOMBER SCOMBRUS,MACKEREL,Teleost,CIROL03-91-43\LSD-1001732,1,,1
CIROL03-91-43,1991,26/03/1991,Celtic Sea,VIIj,SCYLIORHINUS CANICULA,LESSER SPOTTED DOGFISH,n,72,SCOMBER SCOMBRUS,MACKEREL,Teleost,CIROL03-91-43\LSD-1001743,1,,1
CIRO-09-1982-NE (s),1982,,Irish Sea,VIIa,SCYLIORHINUS CANICULA,LESSER SPOTTED DOGFISH,y,56.5,SCOMBER SCOMBRUS,MACKEREL,Teleost,CIRO-09-1982-NE (s)\LSD-5,4,,1
CIROL03-91-27,1991,22/03/1991,Celtic Sea,VIIj,SCYLIORHINUS CANICULA,LESSER SPOTTED DOGFISH,n,36,SCOMBER SCOMBRUS,MACKEREL,Teleost,CIROL03-91-27\LSD-1005764,1,20,1
CIROL04-92-23,1992,30/03/1992,Celtic Sea,VIIj,SCYLIORHINUS CANICULA,LESSER SPOTTED DOGFISH,n,70,SCOMBER SCOMBRUS,MACKEREL,Teleost,CIROL04-92-23\LSD-1001919,1,,1
CIROL04-92-2,1992,20/03/1992,Channel,VIIe,SCYLIORHINUS CANICULA,LESSER SPOTTED DOGFISH,n,57,SCOMBER SCOMBRUS,MACKEREL,Teleost,CIROL04-92-2\LSD-1001953,1,,6
CIROL04-92-21,1992,30/03/1992,Celtic Sea,VIIj,SCYLIORHINUS CANICULA,LESSER SPOTTED DOGFISH,n,72,SCOMBER SCOMBRUS,MACKEREL,Teleost,CIROL04-92-21\LSD-1001914,1,,1
CIROL04-92-21,1992,30/03/1992,Celtic Sea,VIIj,SCYLIORHINUS CANICULA,LESSER SPOTTED DOGFISH,n,65,SCOMBER SCOMBRUS,MACKEREL,Teleost,CIROL04-92-21\LSD-1001939,1,,1
CIROL04-92-21,1992,30/03/1992,Celtic Sea,VIIj,SCYLIORHINUS CANICULA,LESSER SPOTTED DOGFISH,n,59,SCOMBER SCOMBRUS,MACKEREL,Teleost,CIROL04-92-21\LSD-1001962,1,,1
CIROL04-92-1,1992,20/03/1992,Channel,VIIe,SCYLIORHINUS CANICULA,LESSER SPOTTED DOGFISH,n,44,SCOMBER SCOMBRUS,MACKEREL,Teleost,CIROL04-92-1\LSD-1001963,1,,1
CIROL04-92-1,1992,20/03/1992,Channel,VIIe,SCYLIORHINUS CANICULA,LESSER SPOTTED DOGFISH,n,43,SCOMBER SCOMBRUS,MACKEREL,Teleost,CIROL04-92-1\LSD-1001966,1,,1
CIROL04-92-1,1992,20/03/1992,Channel,VIIe,SCYLIORHINUS CANICULA,LESSER SPOTTED DOGFISH,n,41,SCOMBER SCOMBRUS,MACKEREL,Teleost,CIROL04-92-1\LSD-1001967,1,19,1
CIROL03-91-53,1991,29/03/1991,Biscay,VIIId,SCYLIORHINUS CANICULA,LESSER SPOTTED DOGFISH,n,54,SCOMBER SCOMBRUS,MACKEREL,Teleost,CIROL03-91-53\LSD-1001730,1,,1
CLION11-83-35,1983,17/09/1983,Irish Sea,VIIa,SCYLIORHINUS CANICULA,LESSER SPOTTED DOGFISH,n,71,SCOMBER SCOMBRUS,MACKEREL,Teleost,CLION11-83-35\LSD-4,1,,1
FORD-1919-P1,1919,1919,Channel,VIIe,SCYLIORHINUS CANICULA,LESSER SPOTTED DOGFISH,Y,,SCOMBER SCOMBRUS,MACKEREL,Teleost,FORD-1919-P1/LSD-1,146,,6
SILST01-83-ALL,1983,29/03/1983,Irish Sea,VIIa,SCYLIORHINUS CANICULA,LESSER SPOTTED DOGFISH,y,67.29,SCOMBER SCOMBRUS,MACKEREL,Teleost,SILST01-83-ALL\LSD-6,19,,1
CLION11-83-NE(d),1983,,Irish Sea,VIIa,SCYLIORHINUS CANICULA,LESSER SPOTTED DOGFISH,y,71,SCOMBER SCOMBRUS,MACKEREL,Teleost,CLION11-83-NE(d)\LSD-4,1,,1
CIROL03-86-41,1986,21/03/1986,Celtic Sea,VIIj,SCOMBER SCOMBRUS,(EUROPEAN) MACKEREL,n,42.2,SCOMBER SCOMBRUS,MACKEREL,Teleost,CIROL03-86-41\MAC-1008178,1,18,1
CIROL03-91-20,1991,20/03/1991,Celtic Sea,VIIj,LEPIDORHOMBUS WHIFFIAGONIS,MEGRIM,n,27,SCOMBER SCOMBRUS,MACKEREL,Teleost,CIROL03-91-20\MEG-1004165,1,17,1
CIROL03-91-9,1991,13/03/1991,Celtic Sea,VIIj,LEPIDORHOMBUS WHIFFIAGONIS,MEGRIM,n,47,SCOMBER SCOMBRUS,MACKEREL,Teleost,CIROL03-91-9\MEG-1003233,1,17,2
CIROL03-93-36,1993,15/03/1993,Celtic Sea,VIIh,LEPIDORHOMBUS WHIFFIAGONIS,MEGRIM,n,46,SCOMBER SCOMBRUS,MACKEREL,Teleost,CIROL03-93-36\MEG-1895,1,19,1
CIROL03-93-18,1993,10/03/1993,Celtic Sea,VIIj,LOPHIUS PISCATORIUS,ANGLERFISH (MONK),n,77,SCOMBER SCOMBRUS,MACKEREL,Teleost,CIROL03-93-18\MON-2540,1,29,1
CIROL03-93-40,1993,18/03/1993,Celtic Sea,VIIj,LOPHIUS PISCATORIUS,ANGLERFISH (MONK),n,74,SCOMBER SCOMBRUS,MACKEREL,Teleost,CIROL03-93-40\MON-2570,1,,1
CIROL04-92-11,1992,26/03/1992,Celtic Sea,VIIg,LOPHIUS PISCATORIUS,ANGLERFISH (MONK),n,96,SCOMBER SCOMBRUS,MACKEREL,Teleost,CIROL04-92-11\MON-1444,1,27,1
CIROL03-94-2,1994,27/02/1994,Celtic Sea,VIIh,LOPHIUS PISCATORIUS,ANGLERFISH (MONK),n,47,SCOMBER SCOMBRUS,MACKEREL,Teleost,CIROL03-94-2\MON-2797,1,,4
CIROL03-93-54,1993,23/03/1993,Celtic Sea,VIIj,LOPHIUS PISCATORIUS,ANGLERFISH (MONK),n,58,SCOMBER SCOMBRUS,MACKEREL,Teleost,CIROL03-93-54\MON-2548,1,27,1
CIROL07-78-A63,1978,26/08/1978,North Sea,IVa,LOPHIUS PISCATORIUS,ANGLERFISH (MONK),y,68,SCOMBER SCOMBRUS,MACKEREL,Teleost,CIROL07-78-A63\MON-1,1,40,1
CIROL10-91-48,1991,12/12/1991,Celtic Sea,VIIj,LOPHIUS PISCATORIUS,ANGLERFISH (MONK),n,44,SCOMBER SCOMBRUS,MACKEREL,Teleost,CIROL10-91-48\MON-207,1,18,1
CIROL03-91-9,1991,13/03/1991,Celtic Sea,VIIj,LOPHIUS PISCATORIUS,ANGLERFISH (MONK),n,52,SCOMBER SCOMBRUS,MACKEREL,Teleost,CIROL03-91-9\MON-1003758,1,33,1
CIROL03-91-52,1991,29/03/1991,Biscay,VIIIa,LOPHIUS PISCATORIUS,ANGLERFISH (MONK),n,45,SCOMBER SCOMBRUS,MACKEREL,Teleost,CIROL03-91-52\MON-1001292,1,28,1
CIROL03-91-35,1991,24/03/1991,Celtic Sea,VIIj,LOPHIUS PISCATORIUS,ANGLERFISH (MONK),n,64,SCOMBER SCOMBRUS,MACKEREL,Teleost,CIROL03-91-35\MON-1000207,1,,1
CIROL03-91-35,1991,24/03/1991,Celtic Sea,VIIj,LOPHIUS PISCATORIUS,ANGLERFISH (MONK),n,76,SCOMBER SCOMBRUS,MACKEREL,Teleost,CIROL03-91-35\MON-1000208,1,,1
CIROL03-91-50,1991,28/03/1991,Celtic Sea,VIIh,LOPHIUS PISCATORIUS,ANGLERFISH (MONK),n,104,SCOMBER SCOMBRUS,MACKEREL,Teleost,CIROL03-91-50\MON-1001609,1,28,1
CIROL03-91-50,1991,28/03/1991,Celtic Sea,VIIh,LOPHIUS PISCATORIUS,ANGLERFISH (MONK),n,104,SCOMBER SCOMBRUS,MACKEREL,Teleost,CIROL03-91-50\MON-1001609,1,35,4
CLION-12-1981-NE (s),1981,,Irish Sea,VIIa,LOPHIUS PISCATORIUS,ANGLERFISH (MONK),y,52.17,SCOMBER SCOMBRUS,MACKEREL,Teleost,CLION-12-1981-NE (s)\MON-8,3,,1
CLION-12-1981-NE(d),1981,,Irish Sea,VIIa,LOPHIUS PISCATORIUS,ANGLERFISH (MONK),y,46.5,SCOMBER SCOMBRUS,MACKEREL,Teleost,CLION-12-1981-NE(d)\MON-5,2,,1
CLION-12-1981-NE(d),1981,,Irish Sea,VIIa,LOPHIUS PISCATORIUS,ANGLERFISH (MONK),n,50,SCOMBER SCOMBRUS,MACKEREL,Teleost,CLION-12-1981-NE(d)\MON-6,1,,1
CLION11-83-NE (s),1983,,Irish Sea,VIIa,LOPHIUS PISCATORIUS,ANGLERFISH (MONK),y,55.5,SCOMBER SCOMBRUS,MACKEREL,Teleost,CLION11-83-NE (s)\MON-6,2,,1
CLION12-82-NE (s),1982,,Irish Sea,VIIa,LOPHIUS PISCATORIUS,ANGLERFISH (MONK),y,42.8,SCOMBER SCOMBRUS,MACKEREL,Teleost,CLION12-82-NE (s)\MON-5,5,,1
CLION12-82-NE (s),1982,,Irish Sea,VIIa,LOPHIUS PISCATORIUS,ANGLERFISH (MONK),y,53.6,SCOMBER SCOMBRUS,MACKEREL,Teleost,CLION12-82-NE (s)\MON-7,5,,1
CLION12-82-NW,1982,,Irish Sea,VIIa,POLLACHIUS VIRENS,SAITHE,y,67,SCOMBER SCOMBRUS,MACKEREL,Teleost,CLION12-82-NW\POK-5,1,,1
CLION12-81-ALL,1981,,Irish Sea,VIIa,POLLACHIUS VIRENS,SAITHE,y,73.2,SCOMBER SCOMBRUS,MACKEREL,Teleost,CLION12-81-ALL\POK-7,10,,1
CLION12-81-ALL,1981,,Irish Sea,VIIa,POLLACHIUS VIRENS,SAITHE,y,83.5,SCOMBER SCOMBRUS,MACKEREL,Teleost,CLION12-81-ALL\POK-8,2,,1
CIROL03-91-5,1991,11/03/1991,Celtic Sea,VIIj,POLLACHIUS VIRENS,SAITHE,n,101,SCOMBER SCOMBRUS,MACKEREL,Teleost,CIROL03-91-5\POK-1003066,1,17,1
CIROL03-91-5,1991,11/03/1991,Celtic Sea,VIIj,POLLACHIUS VIRENS,SAITHE,n,101,SCOMBER SCOMBRUS,MACKEREL,Teleost,CIROL03-91-5\POK-1003066,1,26,1
CIROL03-91-48,1991,28/03/1991,Celtic Sea,VIIh,POLLACHIUS VIRENS,SAITHE,n,93,SCOMBER SCOMBRUS,MACKEREL,Teleost,CIROL03-91-48\POK-1000602,1,23,1
CIROL03-91-48,1991,28/03/1991,Celtic Sea,VIIh,POLLACHIUS VIRENS,SAITHE,n,93,SCOMBER SCOMBRUS,MACKEREL,Teleost,CIROL03-91-48\POK-1000602,1,23,1
CIROL03-91-48,1991,28/03/1991,Celtic Sea,VIIh,POLLACHIUS VIRENS,SAITHE,n,93,SCOMBER SCOMBRUS,MACKEREL,Teleost,CIROL03-91-48\POK-1000602,1,28,1
CIROL03-91-48,1991,28/03/1991,Celtic Sea,VIIh,POLLACHIUS VIRENS,SAITHE,n,100,SCOMBER SCOMBRUS,MACKEREL,Teleost,CIROL03-91-48\POK-1000603,1,25,1
CIROL03-91-48,1991,28/03/1991,Celtic Sea,VIIh,POLLACHIUS VIRENS,SAITHE,n,100,SCOMBER SCOMBRUS,MACKEREL,Teleost,CIROL03-91-48\POK-1000603,1,28,1
CIROL03-91-48,1991,28/03/1991,Celtic Sea,VIIh,POLLACHIUS VIRENS,SAITHE,n,100,SCOMBER SCOMBRUS,MACKEREL,Teleost,CIROL03-91-48\POK-1000603,1,30,1
CIROL03-91-28,1991,22/03/1991,Celtic Sea,VIIj,POLLACHIUS VIRENS,SAITHE,n,102,SCOMBER SCOMBRUS,MACKEREL,Teleost,CIROL03-91-28\POK-1005913,1,33,1
CIROL03-91-51,1991,29/03/1991,Celtic Sea,VIIh,POLLACHIUS VIRENS,SAITHE,n,70,SCOMBER SCOMBRUS,MACKEREL,Teleost,CIROL03-91-51\POK-1000917,1,20,1
CIROL03-91-51,1991,29/03/1991,Celtic Sea,VIIh,POLLACHIUS VIRENS,SAITHE,n,70,SCOMBER SCOMBRUS,MACKEREL,Teleost,CIROL03-91-51\POK-1000917,1,20,1
CIROL03-91-51,1991,29/03/1991,Celtic Sea,VIIh,POLLACHIUS VIRENS,SAITHE,n,70,SCOMBER SCOMBRUS,MACKEREL,Teleost,CIROL03-91-51\POK-1000917,1,20,1
CIROL03-91-59,1991,31/03/1991,Celtic Sea,VIIh,POLLACHIUS VIRENS,SAITHE,n,72,SCOMBER SCOMBRUS,MACKEREL,Teleost,CIROL03-91-59\POK-1004673,1,22,1
CIROL03-91-59,1991,31/03/1991,Celtic Sea,VIIh,POLLACHIUS VIRENS,SAITHE,n,72,SCOMBER SCOMBRUS,MACKEREL,Teleost,CIROL03-91-59\POK-1004673,1,22,1
CIROL03-91-59,1991,31/03/1991,Celtic Sea,VIIh,POLLACHIUS VIRENS,SAITHE,n,72,SCOMBER SCOMBRUS,MACKEREL,Teleost,CIROL03-91-59\POK-1004673,1,30,1
CIROL03-91-59,1991,31/03/1991,Celtic Sea,VIIh,POLLACHIUS VIRENS,SAITHE,n,100,SCOMBER SCOMBRUS,MACKEREL,Teleost,CIROL03-91-59\POK-1004674,1,29,1
CIROL03-91-59,1991,31/03/1991,Celtic Sea,VIIh,POLLACHIUS VIRENS,SAITHE,n,79,SCOMBER SCOMBRUS,MACKEREL,Teleost,CIROL03-91-59\POK-1004676,1,27,1
CIROL03-91-59,1991,31/03/1991,Celtic Sea,VIIh,POLLACHIUS VIRENS,SAITHE,n,88,SCOMBER SCOMBRUS,MACKEREL,Teleost,CIROL03-91-59\POK-1004678,1,31,1
CIROL03-91-59,1991,31/03/1991,Celtic Sea,VIIh,POLLACHIUS VIRENS,SAITHE,n,77,SCOMBER SCOMBRUS,MACKEREL,Teleost,CIROL03-91-59\POK-1004681,1,27,1
CIROL03-91-59,1991,31/03/1991,Celtic Sea,VIIh,POLLACHIUS VIRENS,SAITHE,n,77,SCOMBER SCOMBRUS,MACKEREL,Teleost,CIROL03-91-59\POK-1004687,1,27,1
CIROL03-91-59,1991,31/03/1991,Celtic Sea,VIIh,POLLACHIUS VIRENS,SAITHE,n,70,SCOMBER SCOMBRUS,MACKEREL,Teleost,CIROL03-91-59\POK-1004689,1,29,1
CIROL03-91-59,1991,31/03/1991,Celtic Sea,VIIh,POLLACHIUS VIRENS,SAITHE,n,102,SCOMBER SCOMBRUS,MACKEREL,Teleost,CIROL03-91-59\POK-1004690,1,24,1
CIROL03-91-59,1991,31/03/1991,Celtic Sea,VIIh,POLLACHIUS VIRENS,SAITHE,n,102,SCOMBER SCOMBRUS,MACKEREL,Teleost,CIROL03-91-59\POK-1004690,1,28,1
CIROL03-91-59,1991,31/03/1991,Celtic Sea,VIIh,POLLACHIUS VIRENS,SAITHE,n,102,SCOMBER SCOMBRUS,MACKEREL,Teleost,CIROL03-91-59\POK-1004690,1,29,1
CIROL03-91-58,1991,31/03/1991,Celtic Sea,VIIh,POLLACHIUS VIRENS,SAITHE,n,86,SCOMBER SCOMBRUS,MACKEREL,Teleost,CIROL03-91-58\POK-1004670,1,23,1
CIROL03-91-58,1991,31/03/1991,Celtic Sea,VIIh,POLLACHIUS VIRENS,SAITHE,n,88,SCOMBER SCOMBRUS,MACKEREL,Teleost,CIROL03-91-58\POK-1004671,1,27,1
CIROL03-93-13,1993,08/03/1993,Celtic Sea,VIIg,POLLACHIUS VIRENS,SAITHE,n,88,SCOMBER SCOMBRUS,MACKEREL,Teleost,CIROL03-93-13\POK-1007712,1,18,1
CIROL03-93-13,1993,08/03/1993,Celtic Sea,VIIg,POLLACHIUS VIRENS,SAITHE,n,88,SCOMBER SCOMBRUS,MACKEREL,Teleost,CIROL03-93-13\POK-1007712,1,20,1
CIROL03-93-13,1993,08/03/1993,Celtic Sea,VIIg,POLLACHIUS VIRENS,SAITHE,n,88,SCOMBER SCOMBRUS,MACKEREL,Teleost,CIROL03-93-13\POK-1007712,1,21,1
CIROL03-93-13,1993,08/03/1993,Celtic Sea,VIIg,POLLACHIUS VIRENS,SAITHE,n,88,SCOMBER SCOMBRUS,MACKEREL,Teleost,CIROL03-93-13\POK-1007712,1,19,2
CIROL03-93-13,1993,08/03/1993,Celtic Sea,VIIg,POLLACHIUS VIRENS,SAITHE,n,93,SCOMBER SCOMBRUS,MACKEREL,Teleost,CIROL03-93-13\POK-1007713,1,16,1
CIROL03-93-13,1993,08/03/1993,Celtic Sea,VIIg,POLLACHIUS VIRENS,SAITHE,n,93,SCOMBER SCOMBRUS,MACKEREL,Teleost,CIROL03-93-13\POK-1007713,1,21,1
CIROL03-93-13,1993,08/03/1993,Celtic Sea,VIIg,POLLACHIUS VIRENS,SAITHE,n,93,SCOMBER SCOMBRUS,MACKEREL,Teleost,CIROL03-93-13\POK-1007713,1,24,1
CIROL03-93-13,1993,08/03/1993,Celtic Sea,VIIg,POLLACHIUS VIRENS,SAITHE,n,93,SCOMBER SCOMBRUS,MACKEREL,Teleost,CIROL03-93-13\POK-1007713,1,25,1
CIROL03-93-13,1993,08/03/1993,Celtic Sea,VIIg,POLLACHIUS VIRENS,SAITHE,n,93,SCOMBER SCOMBRUS,MACKEREL,Teleost,CIROL03-93-13\POK-1007713,1,17,2
CIROL03-93-59,1993,24/03/1993,Celtic Sea,VIIj,POLLACHIUS VIRENS,SAITHE,n,95,SCOMBER SCOMBRUS,MACKEREL,Teleost,CIROL03-93-59\POK-1007720,1,38,2
CIROL03-93-47,1993,20/03/1993,Celtic Sea,VIIj,POLLACHIUS VIRENS,SAITHE,n,94,SCOMBER SCOMBRUS,MACKEREL,Teleost,CIROL03-93-47\POK-1007717,1,33,1
CIROL03-93-47,1993,20/03/1993,Celtic Sea,VIIj,POLLACHIUS VIRENS,SAITHE,n,106,SCOMBER SCOMBRUS,MACKEREL,Teleost,CIROL03-93-47\POK-1007719,1,,2
CIROL04-92-14,1992,28/03/1992,Celtic Sea,VIIj,POLLACHIUS VIRENS,SAITHE,n,106,SCOMBER SCOMBRUS,MACKEREL,Teleost,CIROL04-92-14\POK-1007305,1,16,1
CIROL04-92-14,1992,28/03/1992,Celtic Sea,VIIj,POLLACHIUS VIRENS,SAITHE,n,106,SCOMBER SCOMBRUS,MACKEREL,Teleost,CIROL04-92-14\POK-1007305,1,27,1
CIROL04-92-14,1992,28/03/1992,Celtic Sea,VIIj,POLLACHIUS VIRENS,SAITHE,n,106,SCOMBER SCOMBRUS,MACKEREL,Teleost,CIROL04-92-14\POK-1007305,1,28,1
CIROL03-93-25,1993,12/03/1993,Celtic Sea,VIIh,POLLACHIUS POLLACHIUS,POLLACK,n,75,SCOMBER SCOMBRUS,MACKEREL,Teleost,CIROL03-93-25\POL-1007707,1,,1
CLION12-81-ALL,1981,,Irish Sea,VIIa,POLLACHIUS POLLACHIUS,POLLACK,y,67,SCOMBER SCOMBRUS,MACKEREL,Teleost,CLION12-81-ALL\POL-3,2,,1
CIROL04-92-3,1992,20/03/1992,Celtic Sea,VIIh,MUSTELUS ASTERIAS,STARRY SMOOTH HOUND,n,73,SCOMBER SCOMBRUS,MACKEREL,Teleost,CIROL04-92-3\SDS-1001787,1,,1
CIROL03-91-54,1991,29/03/1991,Biscay,VIIId,RAJA FULLONICA,SHAGREEN RAY,n,87,SCOMBER SCOMBRUS,MACKEREL,Teleost,CIROL03-91-54\SHR-1001290,1,,2
CIROL03-91-2,1991,10/03/1991,Celtic Sea,VIIg,RAJA FULLONICA,SHAGREEN RAY,n,74,SCOMBER SCOMBRUS,MACKEREL,Teleost,CIROL03-91-2\SHR-1002737,1,,1
CIROL03-93-13,1993,08/03/1993,Celtic Sea,VIIg,RAJA CLAVATA,THORNBACK RAY (ROKER),n,100,SCOMBER SCOMBRUS,MACKEREL,Teleost,CIROL03-93-13\THR-1007472,1,23,1
CIROL03-93-13,1993,08/03/1993,Celtic Sea,VIIg,RAJA CLAVATA,THORNBACK RAY (ROKER),n,100,SCOMBER SCOMBRUS,MACKEREL,Teleost,CIROL03-93-13\THR-1007472,1,23,1
CIROL03-93-40,1993,18/03/1993,Celtic Sea,VIIj,LOPHIUS BUDEGASSA,BLACK-BELLIED ANGLERFISH,n,66,SCOMBER SCOMBRUS,MACKEREL,Teleost,CIROL03-93-40\WAF-1007162,1,36,2
CIROL03-93-45,1993,20/03/1993,Celtic Sea,VIIj,LOPHIUS BUDEGASSA,BLACK-BELLIED ANGLERFISH,n,49,SCOMBER SCOMBRUS,MACKEREL,Teleost,CIROL03-93-45\WAF-1007127,1,36,1
CIROL03-93-47,1993,20/03/1993,Celtic Sea,VIIj,LOPHIUS BUDEGASSA,BLACK-BELLIED ANGLERFISH,n,64,SCOMBER SCOMBRUS,MACKEREL,Teleost,CIROL03-93-47\WAF-1007131,1,31,1
CIROL10-91-48,1991,12/12/1991,Celtic Sea,VIIj,LOPHIUS BUDEGASSA,BLACK-BELLIED ANGLERFISH,n,46,SCOMBER SCOMBRUS,MACKEREL,Teleost,CIROL10-91-48\WAF-1007205,1,18,1
CIROL10-91-48,1991,12/12/1991,Celtic Sea,VIIj,LOPHIUS BUDEGASSA,BLACK-BELLIED ANGLERFISH,n,46,SCOMBER SCOMBRUS,MACKEREL,Teleost,CIROL10-91-48\WAF-1007205,1,,3
CIROL10-91-45,1991,11/12/1991,Celtic Sea,VIIg,MERLANGIUS MERLANGUS,WHITING,n,45,SCOMBER SCOMBRUS,MACKEREL,Teleost,CIROL10-91-45\WHG-80,1,17,1
CIROL10-91-45,1991,11/12/1991,Celtic Sea,VIIg,MERLANGIUS MERLANGUS,WHITING,n,45,SCOMBER SCOMBRUS,MACKEREL,Teleost,CIROL10-91-45\WHG-82,1,15,1
CIROL10-91-45,1991,11/12/1991,Celtic Sea,VIIg,MERLANGIUS MERLANGUS,WHITING,n,45,SCOMBER SCOMBRUS,MACKEREL,Teleost,CIROL10-91-45\WHG-82,1,17,1
CIROL10-91-45,1991,11/12/1991,Celtic Sea,VIIg,MERLANGIUS MERLANGUS,WHITING,n,44,SCOMBER SCOMBRUS,MACKEREL,Teleost,CIROL10-91-45\WHG-83,1,16,1
CIROL10-91-45,1991,11/12/1991,Celtic Sea,VIIg,MERLANGIUS MERLANGUS,WHITING,n,42,SCOMBER SCOMBRUS,MACKEREL,Teleost,CIROL10-91-45\WHG-84,1,17,1
CIROL10-91-45,1991,11/12/1991,Celtic Sea,VIIg,MERLANGIUS MERLANGUS,WHITING,n,42,SCOMBER SCOMBRUS,MACKEREL,Teleost,CIROL10-91-45\WHG-86,1,16,1
CIROL04-92-32,1992,01/04/1992,Celtic Sea,VIIj,MERLANGIUS MERLANGUS,WHITING,n,35,SCOMBER SCOMBRUS,MACKEREL,Teleost,CIROL04-92-32\WHG-615,1,,1
CIROL04-92-65,1992,09/04/1992,Celtic Sea,VIIf,MERLANGIUS MERLANGUS,WHITING,n,59,SCOMBER SCOMBRUS,MACKEREL,Teleost,CIROL04-92-65\WHG-611,1,19,2
CIROL10-91-12,1991,01/12/1991,Channel,VIIe,MERLANGIUS MERLANGUS,WHITING,n,41,SCOMBER SCOMBRUS,MACKEREL,Teleost,CIROL10-91-12\WHG-3,1,18,1
CIROL10-91-12,1991,01/12/1991,Channel,VIIe,MERLANGIUS MERLANGUS,WHITING,n,50,SCOMBER SCOMBRUS,MACKEREL,Teleost,CIROL10-91-12\WHG-4,1,18,1
CIROL10-91-12,1991,01/12/1991,Channel,VIIe,MERLANGIUS MERLANGUS,WHITING,n,50,SCOMBER SCOMBRUS,MACKEREL,Teleost,CIROL10-91-12\WHG-4,1,19,1
CIROL03-93-13,1993,08/03/1993,Celtic Sea,VIIg,MERLANGIUS MERLANGUS,WHITING,n,35,SCOMBER SCOMBRUS,MACKEREL,Teleost,CIROL03-93-13\WHG-2468,1,19,1
CIROL03-93-13,1993,08/03/1993,Celtic Sea,VIIg,MERLANGIUS MERLANGUS,WHITING,n,47,SCOMBER SCOMBRUS,MACKEREL,Teleost,CIROL03-93-13\WHG-2491,1,19,1
CIROL03-93-13,1993,08/03/1993,Celtic Sea,VIIg,MERLANGIUS MERLANGUS,WHITING,n,56,SCOMBER SCOMBRUS,MACKEREL,Teleost,CIROL03-93-13\WHG-2496,1,20,1
CIROL03-91-59,1991,31/03/1991,Celtic Sea,VIIh,MERLANGIUS MERLANGUS,WHITING,n,40,SCOMBER SCOMBRUS,MACKEREL,Teleost,CIROL03-91-59\WHG-8301,1,,1
CIROL03-91-3,1991,10/03/1991,Celtic Sea,VIIg,MERLANGIUS MERLANGUS,WHITING,n,50,SCOMBER SCOMBRUS,MACKEREL,Teleost,CIROL03-91-3\WHG-8190,1,,1
CIROL02-90-24,1990,29/01/1990,North Sea,IVb,MERLANGIUS MERLANGUS,WHITING,n,27,SCOMBER SCOMBRUS,MACKEREL,Teleost,CIROL02-90-24\WHG-9,1,,1
FSP13(a)-06-10,2006,22/08/2006,North Sea,IVb,MERLANGIUS MERLANGUS,WHITING,n,36,SCOMBER SCOMBRUS,MACKEREL,Teleost,FSP13(a)-06-10\WHG-787,1,15.5,1
FSP13(a)-06-8,2006,22/08/2006,North Sea,IVb,MERLANGIUS MERLANGUS,WHITING,n,33,SCOMBER SCOMBRUS,MACKEREL,Teleost,FSP13(a)-06-8\WHG-632.5,1,10.5,1
